station_name,hour,realized_incidents,blocked_incidents,total_attempts,realized_rate,mean_active_agents,mean_station_expected_lambda,blocked_rate
tryon street,10,32,0,32,1.0,46.28125,0.23140625,0.0
sunnyside,13,28,0,28,1.0,31.714285714285715,0.15857142857142859,0.0
davidson st,10,28,4,32,0.875,36.3125,0.1815625,0.125
tryon street,11,26,0,26,1.0,33.61538461538461,0.16807692307692307,0.0
mint street,12,26,3,29,0.896551724137931,35.51724137931034,0.17758620689655175,0.10344827586206896
7th st,0,26,8,34,0.7647058823529411,11.764705882352942,1.0864338081925753,0.23529411764705882
johnson & wales,16,24,0,24,1.0,24.708333333333332,0.12354166666666666,0.0
davidson st,13,23,0,23,1.0,30.91304347826087,0.15456521739130435,0.0
johnson & wales,14,21,0,21,1.0,26.238095238095237,0.1311904761904762,0.0
ctc/arena,1,21,1,22,0.9545454545454546,8.272727272727273,0.3579841304996544,0.045454545454545456
tryon street,8,21,5,26,0.8076923076923077,35.73076923076923,0.17865384615384616,0.19230769230769232
mint street,13,20,0,20,1.0,20.25,0.10124999999999999,0.0
tryon street,12,20,0,20,1.0,26.2,0.131,0.0
9th street,1,20,10,30,0.6666666666666666,10.3,0.5533052533326753,0.3333333333333333
9th street,4,19,0,19,1.0,16.31578947368421,0.21242571099645896,0.0
carson,4,19,0,19,1.0,6.2631578947368425,0.46733189478805354,0.0
davidson st,16,19,1,20,0.95,32.7,0.1635,0.05
7th st,9,19,3,22,0.8636363636363636,23.636363636363637,0.13241683985119485,0.13636363636363635
parkwood,15,19,3,22,0.8636363636363636,24.636363636363637,0.12318181818181818,0.13636363636363635
davidson st,8,19,16,35,0.5428571428571428,45.4,0.227,0.45714285714285713
davidson st,14,18,0,18,1.0,20.666666666666668,0.10333333333333333,0.0
elizabeth and hawthorne,9,18,0,18,1.0,19.38888888888889,0.09694444444444444,0.0
sunnyside,16,18,0,18,1.0,19.72222222222222,0.09861111111111111,0.0
tryon street,9,18,0,18,1.0,16.38888888888889,0.08194444444444444,0.0
tryon street,14,18,0,18,1.0,16.833333333333332,0.08416666666666667,0.0
charlotte gateway station,15,17,0,17,1.0,22.705882352941178,0.11352941176470588,0.0
davidson st,12,17,0,17,1.0,16.235294117647058,0.0811764705882353,0.0
hawthorne and 8th,19,17,0,17,1.0,17.823529411764707,0.08911764705882354,0.0
irwin avenue,21,17,0,17,1.0,13.352941176470589,0.06676470588235295,0.0
sunnyside,6,17,0,17,1.0,21.529411764705884,0.10764705882352942,0.0
wesley heights way,19,17,0,17,1.0,20.41176470588235,0.10205882352941177,0.0
ctc/arena,7,17,5,22,0.7727272727272727,50.18181818181818,0.1140973109112557,0.22727272727272727
mint street,3,17,7,24,0.7083333333333334,30.666666666666668,0.15333333333333335,0.2916666666666667
3rd street/convention center,4,16,0,16,1.0,5.8125,0.3093906944213477,0.0
9th street,11,16,0,16,1.0,19.9375,0.11310212230512301,0.0
carson,5,16,0,16,1.0,5.875,0.22525499071979505,0.0
sunnyside,11,16,0,16,1.0,26.5625,0.1328125,0.0
davidson st,9,16,7,23,0.6956521739130435,26.73913043478261,0.13369565217391305,0.30434782608695654
7th st,1,16,13,29,0.5517241379310345,6.310344827586207,0.6144884509563698,0.4482758620689655
25th street,21,15,0,15,1.0,16.866666666666667,0.08433333333333334,0.0
3rd street/convention center,2,15,0,15,1.0,6.533333333333333,0.2133447052826434,0.0
carson,1,15,0,15,1.0,4.4,0.30507188098146015,0.0
central piedmont community college,16,15,0,15,1.0,15.2,0.07600000000000001,0.0
irwin avenue,18,15,0,15,1.0,19.666666666666668,0.09833333333333334,0.0
johnson & wales,17,15,0,15,1.0,16.466666666666665,0.08233333333333334,0.0
tryon street,13,15,0,15,1.0,29.066666666666666,0.14533333333333334,0.0
wesley heights way,17,15,0,15,1.0,21.933333333333334,0.10966666666666666,0.0
mint street,15,15,3,18,0.8333333333333334,24.11111111111111,0.12055555555555555,0.16666666666666666
tryon street,1,15,4,19,0.7894736842105263,43.63157894736842,0.21815789473684213,0.21052631578947367
mint street,10,15,6,21,0.7142857142857143,41.095238095238095,0.20547619047619045,0.2857142857142857
9th street,2,15,11,26,0.5769230769230769,9.192307692307692,0.4203873566464718,0.4230769230769231
3rd street/convention center,1,14,0,14,1.0,5.214285714285714,0.15100349355370943,0.0
3rd street/convention center,5,14,0,14,1.0,3.7857142857142856,0.2620823008490062,0.0
9th street,3,14,0,14,1.0,5.214285714285714,0.40000423624263615,0.0
carson,0,14,0,14,1.0,6.714285714285714,0.5772607358520928,0.0
central piedmont community college,14,14,0,14,1.0,24.5,0.12250000000000001,0.0
hawthorne and 5th,15,14,0,14,1.0,9.785714285714286,0.04892857142857143,0.0
sunnyside,15,14,0,14,1.0,19.714285714285715,0.09857142857142857,0.0
sunnyside,18,14,0,14,1.0,18.5,0.0925,0.0
davidson st,15,14,7,21,0.6666666666666666,26.238095238095237,0.1311904761904762,0.3333333333333333
25th street,12,13,0,13,1.0,10.923076923076923,0.05461538461538462,0.0
7th st,8,13,0,13,1.0,1.8461538461538463,0.1429169682455587,0.0
9th street,8,13,0,13,1.0,13.384615384615385,0.10626375643433242,0.0
elizabeth and hawthorne,15,13,0,13,1.0,17.692307692307693,0.08846153846153847,0.0
hawthorne and 5th,8,13,0,13,1.0,16.0,0.08,0.0
hawthorne and 5th,9,13,0,13,1.0,9.76923076923077,0.048846153846153845,0.0
hawthorne and 8th,1,13,0,13,1.0,9.0,0.045,0.0
irwin avenue,16,13,0,13,1.0,24.46153846153846,0.12230769230769231,0.0
old concord rd,0,13,0,13,1.0,12.615384615384615,0.06307692307692309,0.0
parkwood,17,13,0,13,1.0,21.923076923076923,0.10961538461538461,0.0
sunnyside,10,13,0,13,1.0,13.538461538461538,0.06769230769230769,0.0
central piedmont community college,17,13,1,14,0.9285714285714286,23.214285714285715,0.11607142857142858,0.07142857142857142
central piedmont community college,15,13,2,15,0.8666666666666667,12.466666666666667,0.06233333333333334,0.13333333333333333
charlotte gateway station,13,13,4,17,0.7647058823529411,26.294117647058822,0.13147058823529414,0.23529411764705882
mint street,16,13,5,18,0.7222222222222222,17.77777777777778,0.08888888888888889,0.2777777777777778
3rd street/convention center,0,12,0,12,1.0,9.25,0.3046707892413163,0.0
9th street,10,12,0,12,1.0,7.416666666666667,0.10150822945216842,0.0
bruns avenue,1,12,0,12,1.0,9.25,0.046250000000000006,0.0
central piedmont community college,19,12,0,12,1.0,15.25,0.07625,0.0
ctc/arena,0,12,0,12,1.0,13.166666666666666,0.4534417043496204,0.0
east/west,1,12,0,12,1.0,3.9166666666666665,0.27005766232664125,0.0
hawthorne and 5th,21,12,0,12,1.0,11.833333333333334,0.059166666666666666,0.0
hawthorne and 8th,6,12,0,12,1.0,16.416666666666668,0.08208333333333333,0.0
hawthorne and 8th,18,12,0,12,1.0,21.0,0.105,0.0
irwin avenue,11,12,0,12,1.0,16.333333333333332,0.08166666666666667,0.0
johnson c. smith university,20,12,0,12,1.0,16.75,0.08374999999999999,0.0
johnson c. smith university,22,12,0,12,1.0,16.0,0.08,0.0
parkwood,18,12,0,12,1.0,14.666666666666666,0.07333333333333333,0.0
sunnyside,3,12,0,12,1.0,6.5,0.0325,0.0
sunnyside,12,12,0,12,1.0,12.916666666666666,0.06458333333333334,0.0
sunnyside,17,12,0,12,1.0,17.75,0.08875,0.0
sunnyside,19,12,0,12,1.0,13.25,0.06625,0.0
ctc/arena,9,12,1,13,0.9230769230769231,52.38461538461539,0.09264113223411245,0.07692307692307693
charlotte gateway station,3,12,2,14,0.8571428571428571,11.0,0.055,0.14285714285714285
charlotte gateway station,6,12,2,14,0.8571428571428571,23.0,0.115,0.14285714285714285
charlotte gateway station,21,12,4,16,0.75,13.8125,0.0690625,0.25
mint street,11,12,5,17,0.7058823529411765,22.764705882352942,0.11382352941176471,0.29411764705882354
central piedmont community college,12,12,13,25,0.48,36.12,0.18059999999999998,0.52
brooklyn village,2,11,0,11,1.0,9.636363636363637,0.17638841674088687,0.0
elizabeth and hawthorne,11,11,0,11,1.0,11.363636363636363,0.056818181818181816,0.0
elizabeth and hawthorne,17,11,0,11,1.0,17.272727272727273,0.08636363636363636,0.0
french street,23,11,0,11,1.0,13.0,0.065,0.0
hawthorne and 8th,16,11,0,11,1.0,14.181818181818182,0.07090909090909091,0.0
johnson & wales,7,11,0,11,1.0,18.0,0.09,0.0
johnson & wales,18,11,0,11,1.0,13.272727272727273,0.06636363636363636,0.0
sunnyside,14,11,0,11,1.0,15.272727272727273,0.07636363636363636,0.0
tryon street,22,11,0,11,1.0,14.272727272727273,0.07136363636363637,0.0
wesley heights way,22,11,0,11,1.0,9.909090909090908,0.04954545454545455,0.0
tryon street,16,11,1,12,0.9166666666666666,25.166666666666668,0.12583333333333332,0.08333333333333333
7th st,12,11,2,13,0.8461538461538461,25.153846153846153,0.07579341759172867,0.15384615384615385
davidson st,3,11,3,14,0.7857142857142857,18.071428571428573,0.09035714285714287,0.21428571428571427
tryon street,15,11,3,14,0.7857142857142857,27.642857142857142,0.1382142857142857,0.21428571428571427
hawthorne and 8th,11,11,4,15,0.7333333333333333,25.133333333333333,0.12566666666666668,0.26666666666666666
25th street,19,10,0,10,1.0,19.6,0.098,0.0
36th street,5,10,0,10,1.0,7.4,0.037,0.0
3rd street/convention center,7,10,0,10,1.0,23.8,0.08335801403607153,0.0
7th st,22,10,0,10,1.0,3.7,0.10155728856019604,0.0
bland st,4,10,0,10,1.0,3.2,0.2554124466328589,0.0
bruns avenue,13,10,0,10,1.0,13.8,0.06899999999999999,0.0
bruns avenue,18,10,0,10,1.0,18.2,0.091,0.0
carson,3,10,0,10,1.0,4.7,0.21822110017367868,0.0
charlotte gateway station,16,10,0,10,1.0,18.6,0.093,0.0
ctc/arena,13,10,0,10,1.0,18.8,0.05498928259428195,0.0
east/west,7,10,0,10,1.0,11.3,0.06738407355891116,0.0
elizabeth and hawthorne,16,10,0,10,1.0,11.0,0.05500000000000001,0.0
hawthorne and 5th,11,10,0,10,1.0,10.5,0.052500000000000005,0.0
irwin avenue,2,10,0,10,1.0,10.5,0.052500000000000005,0.0
irwin avenue,6,10,0,10,1.0,7.7,0.0385,0.0
johnson & wales,21,10,0,10,1.0,12.7,0.0635,0.0
mint street,14,10,0,10,1.0,22.3,0.1115,0.0
parkwood,4,10,0,10,1.0,8.1,0.0405,0.0
parkwood,22,10,0,10,1.0,13.0,0.065,0.0
wesley heights way,0,10,0,10,1.0,10.2,0.051000000000000004,0.0
wesley heights way,12,10,0,10,1.0,11.4,0.05700000000000001,0.0
east/west,0,10,1,11,0.9090909090909091,6.090909090909091,0.35804208793367803,0.09090909090909091
hawthorne and 8th,8,10,1,11,0.9090909090909091,14.272727272727273,0.07136363636363637,0.09090909090909091
charlotte gateway station,14,10,2,12,0.8333333333333334,13.25,0.06625,0.16666666666666666
charlotte gateway station,17,10,2,12,0.8333333333333334,13.583333333333334,0.06791666666666667,0.16666666666666666
charlotte gateway station,18,10,3,13,0.7692307692307693,14.153846153846153,0.07076923076923078,0.23076923076923078
bland st,1,10,4,14,0.7142857142857143,5.285714285714286,0.30493227929428063,0.2857142857142857
9th street,16,10,5,15,0.6666666666666666,18.466666666666665,0.06540090490218235,0.3333333333333333
mint street,9,10,6,16,0.625,16.25,0.08125,0.375
25th street,9,9,0,9,1.0,6.333333333333333,0.03166666666666667,0.0
25th street,23,9,0,9,1.0,9.222222222222221,0.04611111111111111,0.0
36th street,22,9,0,9,1.0,16.77777777777778,0.08388888888888889,0.0
3rd street/convention center,9,9,0,9,1.0,33.333333333333336,0.062461378331231,0.0
3rd street/convention center,10,9,0,9,1.0,14.777777777777779,0.05807253950401324,0.0
3rd street/convention center,21,9,0,9,1.0,3.5555555555555554,0.14119913636214593,0.0
9th street,12,9,0,9,1.0,7.666666666666667,0.0645928066202092,0.0
bruns avenue,11,9,0,9,1.0,18.11111111111111,0.09055555555555556,0.0
carson,10,9,0,9,1.0,27.666666666666668,0.04129365877613101,0.0
carson,16,9,0,9,1.0,17.22222222222222,0.08202652887886672,0.0
elizabeth and hawthorne,4,9,0,9,1.0,6.666666666666667,0.03333333333333333,0.0
french street,9,9,0,9,1.0,5.666666666666667,0.028333333333333335,0.0
french street,21,9,0,9,1.0,13.0,0.065,0.0
hawthorne and 5th,23,9,0,9,1.0,8.88888888888889,0.044444444444444446,0.0
irwin avenue,9,9,0,9,1.0,23.555555555555557,0.11777777777777779,0.0
irwin avenue,17,9,0,9,1.0,11.222222222222221,0.05611111111111111,0.0
irwin avenue,23,9,0,9,1.0,11.777777777777779,0.05888888888888889,0.0
johnson & wales,22,9,0,9,1.0,11.444444444444445,0.05722222222222222,0.0
johnson c. smith university,23,9,0,9,1.0,10.444444444444445,0.05222222222222222,0.0
mint street,1,9,0,9,1.0,11.0,0.055,0.0
parkwood,5,9,0,9,1.0,9.0,0.045000000000000005,0.0
sugar creek,2,9,0,9,1.0,8.11111111111111,0.04055555555555555,0.0
sunnyside,9,9,0,9,1.0,9.777777777777779,0.04888888888888889,0.0
sunnyside,21,9,0,9,1.0,10.555555555555555,0.05277777777777778,0.0
wesley heights way,10,9,0,9,1.0,15.0,0.07500000000000001,0.0
wesley heights way,20,9,0,9,1.0,15.555555555555555,0.07777777777777778,0.0
wesley heights way,21,9,0,9,1.0,10.222222222222221,0.051111111111111114,0.0
wesley heights way,23,9,0,9,1.0,6.555555555555555,0.032777777777777774,0.0
east/west,2,9,1,10,0.9,3.3,0.13014093743455146,0.1
east/west,12,9,1,10,0.9,7.1,0.07760989379719667,0.1
3rd street/convention center,14,9,2,11,0.8181818181818182,20.636363636363637,0.07449167881054458,0.18181818181818182
7th st,11,9,3,12,0.75,40.666666666666664,0.06294804352108278,0.25
mint street,17,9,13,22,0.4090909090909091,21.954545454545453,0.10977272727272727,0.5909090909090909
25th street,5,8,0,8,1.0,6.125,0.030625,0.0
3rd street/convention center,3,8,0,8,1.0,1.75,0.1559502770209932,0.0
7th st,5,8,0,8,1.0,5.0,0.2113783666843732,0.0
7th st,6,8,0,8,1.0,2.125,0.15901312212700194,0.0
7th st,7,8,0,8,1.0,7.375,0.04735205068341323,0.0
9th street,9,8,0,8,1.0,12.625,0.06165512615944588,0.0
bland st,9,8,0,8,1.0,8.25,0.12244443716241483,0.0
brooklyn village,1,8,0,8,1.0,6.75,0.15316527595381296,0.0
bruns avenue,20,8,0,8,1.0,16.375,0.081875,0.0
carson,14,8,0,8,1.0,21.875,0.04320966136707459,0.0
central piedmont community college,3,8,0,8,1.0,10.5,0.052500000000000005,0.0
ctc/arena,10,8,0,8,1.0,17.0,0.0677726996880451,0.0
ctc/arena,12,8,0,8,1.0,25.375,0.08862312410795424,0.0
ctc/arena,14,8,0,8,1.0,26.625,0.05618262959614269,0.0
east/west,3,8,0,8,1.0,3.625,0.30782635476090653,0.0
elizabeth and hawthorne,20,8,0,8,1.0,9.125,0.045625,0.0
elizabeth and hawthorne,23,8,0,8,1.0,11.625,0.058125,0.0
hawthorne and 5th,16,8,0,8,1.0,20.375,0.101875,0.0
hawthorne and 8th,17,8,0,8,1.0,12.75,0.06375,0.0
irwin avenue,0,8,0,8,1.0,10.625,0.053125,0.0
irwin avenue,19,8,0,8,1.0,12.25,0.06125,0.0
johnson & wales,0,8,0,8,1.0,11.625,0.058125,0.0
johnson & wales,2,8,0,8,1.0,8.0,0.04,0.0
johnson & wales,9,8,0,8,1.0,17.625,0.088125,0.0
johnson c. smith university,0,8,0,8,1.0,8.125,0.040625,0.0
sugar creek,13,8,0,8,1.0,5.125,0.025625,0.0
sunnyside,7,8,0,8,1.0,6.25,0.03125,0.0
sunnyside,8,8,0,8,1.0,9.125,0.045625,0.0
tom hunter,1,8,0,8,1.0,12.625,0.063125,0.0
university city blvd,2,8,0,8,1.0,9.25,0.04625,0.0
university city blvd,4,8,0,8,1.0,7.0,0.035,0.0
wesley heights way,3,8,0,8,1.0,10.25,0.05125,0.0
wesley heights way,13,8,0,8,1.0,7.625,0.038125,0.0
7th st,14,8,1,9,0.8888888888888888,15.777777777777779,0.06701359765484594,0.1111111111111111
central piedmont community college,18,8,1,9,0.8888888888888888,13.88888888888889,0.06944444444444445,0.1111111111111111
charlotte gateway station,8,8,1,9,0.8888888888888888,18.0,0.09000000000000001,0.1111111111111111
ctc/arena,2,8,1,9,0.8888888888888888,18.444444444444443,0.15652711471206032,0.1111111111111111
9th street,14,8,3,11,0.7272727272727273,15.545454545454545,0.0638672495458689,0.2727272727272727
parkwood,10,8,3,11,0.7272727272727273,16.0,0.08,0.2727272727272727
tryon street,20,8,3,11,0.7272727272727273,6.363636363636363,0.031818181818181815,0.2727272727272727
ctc/arena,20,8,4,12,0.6666666666666666,6.583333333333333,0.12389995822558146,0.3333333333333333
7th st,2,8,6,14,0.5714285714285714,20.5,0.40136219275157314,0.42857142857142855
36th street,10,7,0,7,1.0,4.714285714285714,0.023571428571428573,0.0
36th street,19,7,0,7,1.0,4.285714285714286,0.02142857142857143,0.0
3rd street/convention center,8,7,0,7,1.0,15.285714285714286,0.04478627896051953,0.0
3rd street/convention center,12,7,0,7,1.0,15.0,0.0946045321534998,0.0
3rd street/convention center,13,7,0,7,1.0,19.0,0.024478345040888055,0.0
3rd street/convention center,15,7,0,7,1.0,25.0,0.0573015230415751,0.0
3rd street/convention center,16,7,0,7,1.0,17.142857142857142,0.04717889915248603,0.0
3rd street/convention center,19,7,0,7,1.0,3.7142857142857144,0.13025111190175542,0.0
9th street,7,7,0,7,1.0,7.428571428571429,0.06769680467087681,0.0
9th street,21,7,0,7,1.0,9.714285714285714,0.050719842385899265,0.0
bland st,8,7,0,7,1.0,5.285714285714286,0.08773134115709562,0.0
bland st,10,7,0,7,1.0,19.428571428571427,0.0692966427931324,0.0
brooklyn village,20,7,0,7,1.0,12.714285714285714,0.02202554534594503,0.0
bruns avenue,2,7,0,7,1.0,10.0,0.05,0.0
bruns avenue,19,7,0,7,1.0,10.714285714285714,0.05357142857142857,0.0
carson,2,7,0,7,1.0,2.5714285714285716,0.22107857968803551,0.0
carson,6,7,0,7,1.0,1.7142857142857142,0.12324787369815533,0.0
carson,11,7,0,7,1.0,14.857142857142858,0.03424383102998557,0.0
carson,15,7,0,7,1.0,20.428571428571427,0.04255942152362989,0.0
charlotte gateway station,1,7,0,7,1.0,8.428571428571429,0.04214285714285714,0.0
elizabeth and hawthorne,13,7,0,7,1.0,10.0,0.049999999999999996,0.0
elizabeth and hawthorne,21,7,0,7,1.0,8.857142857142858,0.04428571428571428,0.0
french street,2,7,0,7,1.0,9.142857142857142,0.045714285714285714,0.0
hawthorne and 5th,1,7,0,7,1.0,22.571428571428573,0.11285714285714286,0.0
hawthorne and 5th,2,7,0,7,1.0,7.142857142857143,0.03571428571428571,0.0
hawthorne and 5th,10,7,0,7,1.0,12.714285714285714,0.06357142857142857,0.0
hawthorne and 5th,13,7,0,7,1.0,7.714285714285714,0.038571428571428576,0.0
hawthorne and 5th,20,7,0,7,1.0,6.0,0.030000000000000002,0.0
hawthorne and 5th,22,7,0,7,1.0,13.0,0.065,0.0
hawthorne and 8th,3,7,0,7,1.0,5.714285714285714,0.028571428571428574,0.0
hawthorne and 8th,4,7,0,7,1.0,17.0,0.08499999999999999,0.0
hawthorne and 8th,20,7,0,7,1.0,12.142857142857142,0.06071428571428572,0.0
irwin avenue,13,7,0,7,1.0,9.285714285714286,0.04642857142857143,0.0
johnson & wales,15,7,0,7,1.0,14.0,0.06999999999999999,0.0
johnson & wales,19,7,0,7,1.0,14.142857142857142,0.07071428571428572,0.0
johnson & wales,23,7,0,7,1.0,7.571428571428571,0.03785714285714286,0.0
johnson c. smith university,5,7,0,7,1.0,6.142857142857143,0.030714285714285715,0.0
mccullough,5,7,0,7,1.0,9.0,0.045,0.0
old concord rd,2,7,0,7,1.0,13.285714285714286,0.06642857142857142,0.0
parkwood,6,7,0,7,1.0,7.857142857142857,0.03928571428571429,0.0
parkwood,19,7,0,7,1.0,14.714285714285714,0.07357142857142858,0.0
parkwood,23,7,0,7,1.0,12.142857142857142,0.060714285714285714,0.0
sugar creek,7,7,0,7,1.0,7.428571428571429,0.037142857142857144,0.0
sugar creek,9,7,0,7,1.0,5.571428571428571,0.027857142857142858,0.0
tom hunter,8,7,0,7,1.0,5.285714285714286,0.02642857142857143,0.0
tom hunter,14,7,0,7,1.0,3.7142857142857144,0.018571428571428572,0.0
wesley heights way,1,7,0,7,1.0,10.571428571428571,0.05285714285714286,0.0
central piedmont community college,2,7,1,8,0.875,9.625,0.048125,0.125
central piedmont community college,5,7,1,8,0.875,29.125,0.145625,0.125
7th st,3,7,3,10,0.7,6.1,0.2681833375724389,0.3
7th st,16,7,3,10,0.7,18.5,0.04780220983337764,0.3
hawthorne and 8th,14,7,4,11,0.6363636363636364,13.909090909090908,0.06954545454545455,0.36363636363636365
davidson st,11,7,5,12,0.5833333333333334,18.333333333333332,0.09166666666666667,0.4166666666666667
mint street,4,7,6,13,0.5384615384615384,10.76923076923077,0.05384615384615384,0.46153846153846156
davidson st,18,7,7,14,0.5,16.142857142857142,0.08071428571428572,0.5
bland st,0,7,11,18,0.3888888888888889,7.555555555555555,0.43845474530624107,0.6111111111111112
hawthorne and 8th,13,7,16,23,0.30434782608695654,28.347826086956523,0.1417391304347826,0.6956521739130435
25th street,2,6,0,6,1.0,10.333333333333334,0.051666666666666666,0.0
25th street,20,6,0,6,1.0,7.333333333333333,0.03666666666666667,0.0
36th street,0,6,0,6,1.0,13.5,0.0675,0.0
36th street,1,6,0,6,1.0,10.0,0.049999999999999996,0.0
36th street,2,6,0,6,1.0,7.166666666666667,0.035833333333333335,0.0
36th street,15,6,0,6,1.0,14.0,0.07,0.0
7th st,19,6,0,6,1.0,7.5,0.10743931885642836,0.0
7th st,20,6,0,6,1.0,2.3333333333333335,0.09944182152383178,0.0
9th street,5,6,0,6,1.0,4.833333333333333,0.08407900756009418,0.0
9th street,19,6,0,6,1.0,9.166666666666666,0.05500983367989445,0.0
bland st,14,6,0,6,1.0,23.333333333333332,0.04309251418133714,0.0
bland st,15,6,0,6,1.0,13.0,0.024008686472459236,0.0
brooklyn village,0,6,0,6,1.0,8.833333333333334,0.09516631382553058,0.0
bruns avenue,12,6,0,6,1.0,7.5,0.0375,0.0
bruns avenue,14,6,0,6,1.0,7.833333333333333,0.03916666666666667,0.0
bruns avenue,16,6,0,6,1.0,6.833333333333333,0.03416666666666667,0.0
bruns avenue,22,6,0,6,1.0,10.333333333333334,0.051666666666666666,0.0
bruns avenue,23,6,0,6,1.0,12.666666666666666,0.06333333333333334,0.0
carson,12,6,0,6,1.0,15.0,0.06462935891638881,0.0
carson,20,6,0,6,1.0,2.6666666666666665,0.06030175257495842,0.0
central piedmont community college,1,6,0,6,1.0,7.166666666666667,0.035833333333333335,0.0
charlotte gateway station,10,6,0,6,1.0,11.5,0.0575,0.0
east/west,9,6,0,6,1.0,9.166666666666666,0.04187247198621712,0.0
elizabeth and hawthorne,3,6,0,6,1.0,5.833333333333333,0.029166666666666664,0.0
elizabeth and hawthorne,10,6,0,6,1.0,11.833333333333334,0.05916666666666667,0.0
elizabeth and hawthorne,14,6,0,6,1.0,10.333333333333334,0.051666666666666666,0.0
elizabeth and hawthorne,22,6,0,6,1.0,10.666666666666666,0.05333333333333334,0.0
french street,14,6,0,6,1.0,8.166666666666666,0.04083333333333333,0.0
french street,18,6,0,6,1.0,5.666666666666667,0.028333333333333335,0.0
french street,19,6,0,6,1.0,4.333333333333333,0.021666666666666667,0.0
hawthorne and 5th,3,6,0,6,1.0,9.0,0.045000000000000005,0.0
hawthorne and 8th,21,6,0,6,1.0,9.5,0.047499999999999994,0.0
irwin avenue,5,6,0,6,1.0,6.333333333333333,0.03166666666666667,0.0
johnson & wales,5,6,0,6,1.0,5.333333333333333,0.02666666666666667,0.0
johnson & wales,8,6,0,6,1.0,7.333333333333333,0.03666666666666667,0.0
johnson c. smith university,4,6,0,6,1.0,8.833333333333334,0.04416666666666667,0.0
johnson c. smith university,10,6,0,6,1.0,5.833333333333333,0.029166666666666664,0.0
johnson c. smith university,11,6,0,6,1.0,4.833333333333333,0.02416666666666667,0.0
johnson c. smith university,21,6,0,6,1.0,7.166666666666667,0.035833333333333335,0.0
old concord rd,1,6,0,6,1.0,5.666666666666667,0.028333333333333335,0.0
old concord rd,17,6,0,6,1.0,11.166666666666666,0.05583333333333334,0.0
sugar creek,0,6,0,6,1.0,4.166666666666667,0.020833333333333332,0.0
sunnyside,23,6,0,6,1.0,7.666666666666667,0.03833333333333334,0.0
tom hunter,20,6,0,6,1.0,6.333333333333333,0.03166666666666667,0.0
wesley heights way,6,6,0,6,1.0,3.5,0.017499999999999998,0.0
wesley heights way,7,6,0,6,1.0,7.833333333333333,0.03916666666666666,0.0
central piedmont community college,6,6,1,7,0.8571428571428571,6.857142857142857,0.03428571428571429,0.14285714285714285
charlotte gateway station,4,6,1,7,0.8571428571428571,8.0,0.04,0.14285714285714285
charlotte gateway station,19,6,1,7,0.8571428571428571,8.285714285714286,0.041428571428571426,0.14285714285714285
tryon street,0,6,1,7,0.8571428571428571,10.285714285714286,0.05142857142857143,0.14285714285714285
central piedmont community college,7,6,2,8,0.75,13.0,0.065,0.25
charlotte gateway station,23,6,2,8,0.75,12.125,0.060625,0.25
tryon street,23,6,2,8,0.75,11.625,0.058125,0.25
central piedmont community college,9,6,3,9,0.6666666666666666,11.11111111111111,0.05555555555555555,0.3333333333333333
davidson st,23,6,3,9,0.6666666666666666,8.666666666666666,0.043333333333333335,0.3333333333333333
7th st,10,6,4,10,0.6,23.5,0.05554172338105177,0.4
central piedmont community college,11,6,4,10,0.6,10.6,0.053000000000000005,0.4
charlotte gateway station,9,6,4,10,0.6,7.6,0.038,0.4
ctc/arena,18,6,4,10,0.6,4.6,0.07529320607373982,0.4
bland st,3,6,5,11,0.5454545454545454,5.363636363636363,0.22254995693063637,0.45454545454545453
tryon street,18,6,9,15,0.4,19.6,0.098,0.6
25th street,7,5,0,5,1.0,3.6,0.018,0.0
25th street,14,5,0,5,1.0,10.6,0.053000000000000005,0.0
36th street,3,5,0,5,1.0,9.8,0.049,0.0
36th street,23,5,0,5,1.0,6.8,0.034,0.0
3rd street/convention center,11,5,0,5,1.0,24.4,0.03143534836829836,0.0
bland st,5,5,0,5,1.0,5.2,0.16554260966183448,0.0
bland st,7,5,0,5,1.0,16.0,0.0451430660887734,0.0
bland st,21,5,0,5,1.0,10.4,0.01920694917796736,0.0
brooklyn village,3,5,0,5,1.0,8.8,0.13625004019788686,0.0
brooklyn village,7,5,0,5,1.0,34.2,0.040655117117530636,0.0
brooklyn village,10,5,0,5,1.0,9.4,0.01117421347674816,0.0
brooklyn village,14,5,0,5,1.0,35.0,0.04160611400916876,0.0
bruns avenue,0,5,0,5,1.0,7.0,0.035,0.0
bruns avenue,7,5,0,5,1.0,6.6,0.033,0.0
carson,8,5,0,5,1.0,12.8,0.0360010283741829,0.0
carson,21,5,0,5,1.0,9.4,0.030926385970369202,0.0
ctc/arena,11,5,0,5,1.0,24.6,0.04978558484105294,0.0
davidson st,0,5,0,5,1.0,9.4,0.047,0.0
davidson st,21,5,0,5,1.0,14.4,0.072,0.0
east/west,4,5,0,5,1.0,2.2,0.18681875323420533,0.0
east/west,6,5,0,5,1.0,1.6,0.13586818417033109,0.0
east/west,17,5,0,5,1.0,5.4,0.07499896317648987,0.0
elizabeth and hawthorne,8,5,0,5,1.0,16.4,0.08199999999999999,0.0
elizabeth and hawthorne,18,5,0,5,1.0,7.6,0.038,0.0
elizabeth and hawthorne,19,5,0,5,1.0,8.4,0.042,0.0
french street,0,5,0,5,1.0,7.8,0.039,0.0
french street,1,5,0,5,1.0,8.0,0.04,0.0
french street,12,5,0,5,1.0,4.8,0.024,0.0
french street,17,5,0,5,1.0,3.4,0.016999999999999998,0.0
hawthorne and 5th,0,5,0,5,1.0,4.4,0.022000000000000002,0.0
hawthorne and 5th,4,5,0,5,1.0,3.8,0.019,0.0
hawthorne and 5th,18,5,0,5,1.0,10.2,0.051000000000000004,0.0
hawthorne and 5th,19,5,0,5,1.0,5.2,0.026000000000000002,0.0
irwin avenue,3,5,0,5,1.0,5.0,0.025,0.0
irwin avenue,4,5,0,5,1.0,7.2,0.036,0.0
irwin avenue,15,5,0,5,1.0,5.6,0.028000000000000004,0.0
johnson & wales,1,5,0,5,1.0,6.2,0.031,0.0
johnson & wales,10,5,0,5,1.0,7.2,0.036000000000000004,0.0
johnson & wales,11,5,0,5,1.0,9.2,0.046,0.0
johnson & wales,12,5,0,5,1.0,6.4,0.032,0.0
johnson & wales,13,5,0,5,1.0,5.2,0.026000000000000002,0.0
johnson c. smith university,1,5,0,5,1.0,10.2,0.051000000000000004,0.0
johnson c. smith university,8,5,0,5,1.0,4.8,0.024,0.0
johnson c. smith university,13,5,0,5,1.0,10.8,0.054000000000000006,0.0
jw clay blvd,0,5,0,5,1.0,4.0,0.02,0.0
jw clay blvd,4,5,0,5,1.0,6.0,0.03,0.0
mccullough,3,5,0,5,1.0,8.2,0.041,0.0
mccullough,4,5,0,5,1.0,4.2,0.020999999999999998,0.0
mccullough,13,5,0,5,1.0,2.0,0.01,0.0
new bern,1,5,0,5,1.0,4.8,0.024,0.0
parkwood,3,5,0,5,1.0,8.8,0.044,0.0
parkwood,16,5,0,5,1.0,12.2,0.06100000000000001,0.0
sugar creek,1,5,0,5,1.0,13.6,0.068,0.0
sugar creek,17,5,0,5,1.0,5.0,0.025,0.0
sugar creek,20,5,0,5,1.0,6.0,0.03,0.0
sugar creek,23,5,0,5,1.0,10.8,0.054000000000000006,0.0
tom hunter,5,5,0,5,1.0,3.8,0.019,0.0
tom hunter,10,5,0,5,1.0,3.8,0.019,0.0
university city blvd,23,5,0,5,1.0,5.0,0.025,0.0
wesley heights way,5,5,0,5,1.0,6.2,0.031000000000000007,0.0
wesley heights way,8,5,0,5,1.0,8.6,0.043,0.0
woodlawn,17,5,0,5,1.0,1.8,0.009,0.0
ctc/arena,15,5,1,6,0.8333333333333334,23.0,0.0565788047488767,0.16666666666666666
parkwood,0,5,1,6,0.8333333333333334,9.333333333333334,0.04666666666666667,0.16666666666666666
tryon street,17,5,1,6,0.8333333333333334,13.333333333333334,0.06666666666666667,0.16666666666666666
parkwood,12,5,2,7,0.7142857142857143,8.571428571428571,0.04285714285714286,0.2857142857142857
7th st,4,5,3,8,0.625,14.25,0.05799388181146515,0.375
bland st,2,5,3,8,0.625,2.125,0.16960982784213285,0.375
ctc/arena,17,5,3,8,0.625,17.375,0.034049009413014926,0.375
davidson st,17,5,3,8,0.625,10.875,0.054375,0.375
parkwood,13,5,3,8,0.625,7.875,0.039375,0.375
charlotte gateway station,22,5,4,9,0.5555555555555556,9.555555555555555,0.04777777777777778,0.4444444444444444
ctc/arena,8,5,4,9,0.5555555555555556,22.555555555555557,0.055927022773908514,0.4444444444444444
ctc/arena,22,5,4,9,0.5555555555555556,6.333333333333333,0.08545151829087344,0.4444444444444444
davidson st,1,5,4,9,0.5555555555555556,54.55555555555556,0.2727777777777778,0.4444444444444444
mint street,0,5,4,9,0.5555555555555556,14.666666666666666,0.07333333333333333,0.4444444444444444
central piedmont community college,13,5,5,10,0.5,15.1,0.0755,0.5
mint street,8,5,5,10,0.5,13.4,0.067,0.5
mint street,20,5,5,10,0.5,13.1,0.0655,0.5
tryon street,3,5,5,10,0.5,24.7,0.12349999999999998,0.5
tryon street,4,5,5,10,0.5,12.4,0.062,0.5
hawthorne and 8th,15,5,6,11,0.45454545454545453,20.272727272727273,0.10136363636363636,0.5454545454545454
mint street,23,5,7,12,0.4166666666666667,10.833333333333334,0.05416666666666667,0.5833333333333334
25th street,4,4,0,4,1.0,6.25,0.03125,0.0
25th street,8,4,0,4,1.0,5.0,0.025,0.0
25th street,13,4,0,4,1.0,6.25,0.03125,0.0
25th street,15,4,0,4,1.0,6.25,0.03125,0.0
25th street,22,4,0,4,1.0,11.5,0.0575,0.0
36th street,4,4,0,4,1.0,4.25,0.021249999999999998,0.0
36th street,16,4,0,4,1.0,4.5,0.0225,0.0
36th street,17,4,0,4,1.0,9.75,0.04875,0.0
3rd street/convention center,6,4,0,4,1.0,2.5,0.11300347245189568,0.0
3rd street/convention center,23,4,0,4,1.0,3.75,0.09265736237317725,0.0
7th st,13,4,0,4,1.0,16.0,0.048723955486286455,0.0
7th st,21,4,0,4,1.0,1.25,0.12172243905556503,0.0
9th street,18,4,0,4,1.0,5.75,0.10453831309642062,0.0
9th street,22,4,0,4,1.0,7.25,0.03262899778803505,0.0
9th street,23,4,0,4,1.0,2.0,0.1534262823944358,0.0
bland st,12,4,0,4,1.0,18.5,0.03416620767234585,0.0
bland st,23,4,0,4,1.0,4.25,0.02734138553856415,0.0
brooklyn village,13,4,0,4,1.0,12.25,0.03270479486328608,0.0
brooklyn village,16,4,0,4,1.0,15.25,0.018128378246852102,0.0
brooklyn village,19,4,0,4,1.0,15.0,0.017831191718215175,0.0
brooklyn village,22,4,0,4,1.0,13.0,0.0154536994891198,0.0
bruns avenue,3,4,0,4,1.0,6.5,0.0325,0.0
bruns avenue,9,4,0,4,1.0,6.25,0.03125,0.0
bruns avenue,15,4,0,4,1.0,8.25,0.04125,0.0
carson,9,4,0,4,1.0,10.0,0.07828726483115055,0.0
carson,13,4,0,4,1.0,12.75,0.04015052434643612,0.0
carson,17,4,0,4,1.0,9.0,0.05567410761554113,0.0
carson,23,4,0,4,1.0,4.0,0.11157324419457243,0.0
central piedmont community college,4,4,0,4,1.0,5.5,0.0275,0.0
east/west,20,4,0,4,1.0,4.0,0.06867969634001747,0.0
east/west,22,4,0,4,1.0,7.0,0.03159633418236185,0.0
elizabeth and hawthorne,1,4,0,4,1.0,2.5,0.0125,0.0
elizabeth and hawthorne,2,4,0,4,1.0,12.5,0.0625,0.0
french street,13,4,0,4,1.0,3.25,0.01625,0.0
hawthorne and 5th,17,4,0,4,1.0,4.25,0.02125,0.0
irwin avenue,1,4,0,4,1.0,5.25,0.02625,0.0
irwin avenue,7,4,0,4,1.0,4.25,0.02125,0.0
irwin avenue,10,4,0,4,1.0,8.25,0.04125,0.0
irwin avenue,20,4,0,4,1.0,13.25,0.06625,0.0
johnson c. smith university,2,4,0,4,1.0,7.75,0.03875,0.0
johnson c. smith university,3,4,0,4,1.0,7.5,0.037500000000000006,0.0
johnson c. smith university,16,4,0,4,1.0,6.0,0.03,0.0
johnson c. smith university,17,4,0,4,1.0,8.0,0.04,0.0
mccullough,1,4,0,4,1.0,2.25,0.01125,0.0
mccullough,6,4,0,4,1.0,5.75,0.02875,0.0
mccullough,11,4,0,4,1.0,3.5,0.0175,0.0
new bern,13,4,0,4,1.0,4.5,0.0225,0.0
old concord rd,3,4,0,4,1.0,7.25,0.036250000000000004,0.0
old concord rd,19,4,0,4,1.0,9.75,0.04875,0.0
old concord rd,22,4,0,4,1.0,5.5,0.0275,0.0
old concord rd,23,4,0,4,1.0,2.25,0.01125,0.0
parkwood,1,4,0,4,1.0,14.5,0.07250000000000001,0.0
parkwood,2,4,0,4,1.0,3.75,0.01875,0.0
parkwood,8,4,0,4,1.0,23.0,0.115,0.0
sugar creek,4,4,0,4,1.0,8.75,0.04375,0.0
sugar creek,8,4,0,4,1.0,4.75,0.02375,0.0
sugar creek,16,4,0,4,1.0,7.0,0.035,0.0
sugar creek,18,4,0,4,1.0,7.75,0.03875,0.0
sugar creek,19,4,0,4,1.0,3.75,0.018750000000000003,0.0
sunnyside,0,4,0,4,1.0,8.75,0.04375,0.0
sunnyside,1,4,0,4,1.0,8.0,0.04,0.0
sunnyside,2,4,0,4,1.0,9.0,0.045,0.0
sunnyside,4,4,0,4,1.0,19.25,0.09625,0.0
tom hunter,3,4,0,4,1.0,12.25,0.06125,0.0
tom hunter,6,4,0,4,1.0,5.75,0.02875,0.0
university city blvd,5,4,0,4,1.0,4.75,0.02375,0.0
university city blvd,8,4,0,4,1.0,3.0,0.015,0.0
university city blvd,21,4,0,4,1.0,7.25,0.036250000000000004,0.0
wesley heights way,16,4,0,4,1.0,4.25,0.02125,0.0
woodlawn,14,4,0,4,1.0,4.0,0.02,0.0
7th st,18,4,1,5,0.8,6.6,0.10604620641784701,0.2
7th st,23,4,1,5,0.8,3.0,0.08130774695653821,0.2
hawthorne and 8th,0,4,1,5,0.8,7.2,0.036,0.2
hawthorne and 8th,10,4,1,5,0.8,7.8,0.039,0.2
mint street,7,4,1,5,0.8,6.8,0.033999999999999996,0.2
mint street,21,4,1,5,0.8,7.6,0.038,0.2
mint street,22,4,1,5,0.8,14.8,0.074,0.2
parkwood,9,4,1,5,0.8,7.4,0.037,0.2
central piedmont community college,20,4,2,6,0.6666666666666666,15.333333333333334,0.07666666666666667,0.3333333333333333
charlotte gateway station,2,4,2,6,0.6666666666666666,9.833333333333334,0.049166666666666664,0.3333333333333333
charlotte gateway station,5,4,2,6,0.6666666666666666,5.166666666666667,0.025833333333333333,0.3333333333333333
charlotte gateway station,11,4,2,6,0.6666666666666666,8.166666666666666,0.04083333333333333,0.3333333333333333
charlotte gateway station,20,4,2,6,0.6666666666666666,13.833333333333334,0.06916666666666667,0.3333333333333333
ctc/arena,3,4,2,6,0.6666666666666666,5.0,0.24724796643325905,0.3333333333333333
ctc/arena,23,4,2,6,0.6666666666666666,6.666666666666667,0.044050360940932315,0.3333333333333333
davidson st,7,4,2,6,0.6666666666666666,6.0,0.030000000000000002,0.3333333333333333
7th st,17,4,3,7,0.5714285714285714,16.285714285714285,0.07996872900380551,0.42857142857142855
ctc/arena,21,4,3,7,0.5714285714285714,8.428571428571429,0.08090784222953722,0.42857142857142855
davidson st,20,4,3,7,0.5714285714285714,10.142857142857142,0.05071428571428571,0.42857142857142855
tryon street,19,4,3,7,0.5714285714285714,10.714285714285714,0.05357142857142857,0.42857142857142855
25th street,0,3,0,3,1.0,9.0,0.045000000000000005,0.0
25th street,1,3,0,3,1.0,6.666666666666667,0.03333333333333333,0.0
25th street,3,3,0,3,1.0,10.333333333333334,0.051666666666666666,0.0
25th street,6,3,0,3,1.0,3.6666666666666665,0.018333333333333333,0.0
25th street,17,3,0,3,1.0,8.0,0.04,0.0
36th street,12,3,0,3,1.0,6.666666666666667,0.03333333333333333,0.0
36th street,13,3,0,3,1.0,5.666666666666667,0.028333333333333335,0.0
36th street,20,3,0,3,1.0,3.3333333333333335,0.016666666666666666,0.0
3rd street/convention center,20,3,0,3,1.0,9.333333333333334,0.0705751902371744,0.0
bland st,6,3,0,3,1.0,2.6666666666666665,0.05690457045453164,0.0
bland st,19,3,0,3,1.0,5.0,0.11319353356361561,0.0
brooklyn village,4,3,0,3,1.0,5.0,0.1268947636399185,0.0
brooklyn village,8,3,0,3,1.0,15.666666666666666,0.0186236891279136,0.0
brooklyn village,9,3,0,3,1.0,18.333333333333332,0.021793678766707434,0.0
brooklyn village,15,3,0,3,1.0,25.0,0.029718652863691967,0.0
brooklyn village,21,3,0,3,1.0,14.333333333333334,0.017038694308516702,0.0
bruns avenue,6,3,0,3,1.0,5.666666666666667,0.028333333333333335,0.0
bruns avenue,21,3,0,3,1.0,10.666666666666666,0.05333333333333334,0.0
carson,19,3,0,3,1.0,5.333333333333333,0.007960223378531235,0.0
central piedmont community college,0,3,0,3,1.0,4.333333333333333,0.021666666666666667,0.0
charlotte gateway station,0,3,0,3,1.0,5.0,0.024999999999999998,0.0
east/west,5,3,0,3,1.0,1.6666666666666667,0.14152935851076157,0.0
east/west,8,3,0,3,1.0,3.0,0.06019537366801984,0.0
east/west,10,3,0,3,1.0,6.0,0.037008973771175,0.0
elizabeth and hawthorne,5,3,0,3,1.0,3.3333333333333335,0.016666666666666666,0.0
elizabeth and hawthorne,6,3,0,3,1.0,3.6666666666666665,0.018333333333333333,0.0
french street,3,3,0,3,1.0,4.666666666666667,0.023333333333333334,0.0
french street,5,3,0,3,1.0,9.333333333333334,0.04666666666666667,0.0
french street,7,3,0,3,1.0,10.0,0.049999999999999996,0.0
french street,11,3,0,3,1.0,5.666666666666667,0.028333333333333335,0.0
french street,22,3,0,3,1.0,6.666666666666667,0.03333333333333333,0.0
hawthorne and 5th,5,3,0,3,1.0,4.666666666666667,0.023333333333333334,0.0
hawthorne and 5th,14,3,0,3,1.0,6.666666666666667,0.03333333333333333,0.0
hawthorne and 8th,2,3,0,3,1.0,8.333333333333334,0.041666666666666664,0.0
hawthorne and 8th,22,3,0,3,1.0,5.0,0.025000000000000005,0.0
irwin avenue,12,3,0,3,1.0,4.333333333333333,0.021666666666666667,0.0
johnson & wales,3,3,0,3,1.0,6.333333333333333,0.03166666666666667,0.0
johnson & wales,4,3,0,3,1.0,10.333333333333334,0.051666666666666666,0.0
johnson & wales,20,3,0,3,1.0,7.0,0.034999999999999996,0.0
johnson c. smith university,7,3,0,3,1.0,2.6666666666666665,0.013333333333333334,0.0
johnson c. smith university,14,3,0,3,1.0,2.6666666666666665,0.013333333333333334,0.0
johnson c. smith university,15,3,0,3,1.0,8.333333333333334,0.041666666666666664,0.0
johnson c. smith university,18,3,0,3,1.0,6.666666666666667,0.03333333333333333,0.0
jw clay blvd,7,3,0,3,1.0,4.333333333333333,0.021666666666666667,0.0
jw clay blvd,14,3,0,3,1.0,2.0,0.01,0.0
mccullough,10,3,0,3,1.0,3.6666666666666665,0.018333333333333333,0.0
mccullough,17,3,0,3,1.0,5.333333333333333,0.02666666666666667,0.0
mccullough,20,3,0,3,1.0,6.666666666666667,0.03333333333333333,0.0
new bern,4,3,0,3,1.0,1.3333333333333333,0.006666666666666667,0.0
new bern,9,3,0,3,1.0,3.3333333333333335,0.016666666666666666,0.0
new bern,21,3,0,3,1.0,1.6666666666666667,0.008333333333333333,0.0
old concord rd,5,3,0,3,1.0,6.666666666666667,0.03333333333333333,0.0
old concord rd,7,3,0,3,1.0,6.0,0.030000000000000002,0.0
old concord rd,8,3,0,3,1.0,6.0,0.03,0.0
old concord rd,9,3,0,3,1.0,4.666666666666667,0.023333333333333334,0.0
old concord rd,13,3,0,3,1.0,5.333333333333333,0.02666666666666667,0.0
old concord rd,15,3,0,3,1.0,4.333333333333333,0.021666666666666667,0.0
old concord rd,16,3,0,3,1.0,1.6666666666666667,0.008333333333333333,0.0
old concord rd,18,3,0,3,1.0,3.6666666666666665,0.018333333333333333,0.0
parkwood,7,3,0,3,1.0,4.333333333333333,0.021666666666666667,0.0
parkwood,20,3,0,3,1.0,11.333333333333334,0.056666666666666664,0.0
sugar creek,6,3,0,3,1.0,9.666666666666666,0.04833333333333334,0.0
sunnyside,5,3,0,3,1.0,8.333333333333334,0.041666666666666664,0.0
tom hunter,4,3,0,3,1.0,5.333333333333333,0.02666666666666667,0.0
tom hunter,11,3,0,3,1.0,6.333333333333333,0.03166666666666667,0.0
tom hunter,22,3,0,3,1.0,3.3333333333333335,0.016666666666666666,0.0
university city blvd,0,3,0,3,1.0,3.6666666666666665,0.018333333333333337,0.0
university city blvd,6,3,0,3,1.0,5.0,0.024999999999999998,0.0
university city blvd,7,3,0,3,1.0,5.666666666666667,0.028333333333333332,0.0
university city blvd,19,3,0,3,1.0,5.0,0.024999999999999998,0.0
wesley heights way,2,3,0,3,1.0,7.666666666666667,0.03833333333333334,0.0
wesley heights way,11,3,0,3,1.0,4.0,0.02,0.0
wesley heights way,15,3,0,3,1.0,5.666666666666667,0.028333333333333332,0.0
woodlawn,3,3,0,3,1.0,3.6666666666666665,0.018333333333333337,0.0
woodlawn,12,3,0,3,1.0,7.666666666666667,0.03833333333333334,0.0
woodlawn,21,3,0,3,1.0,2.3333333333333335,0.011666666666666667,0.0
woodlawn,23,3,0,3,1.0,5.333333333333333,0.02666666666666667,0.0
mint street,6,3,1,4,0.75,3.75,0.01875,0.25
davidson st,6,3,2,5,0.6,18.2,0.091,0.4
tryon street,2,3,2,5,0.6,15.0,0.075,0.4
9th street,13,3,3,6,0.5,25.166666666666668,0.07328905089480738,0.5
central piedmont community college,22,3,3,6,0.5,5.833333333333333,0.029166666666666664,0.5
ctc/arena,4,3,3,6,0.5,6.0,0.1573181256998453,0.5
mint street,2,3,3,6,0.5,12.166666666666666,0.06083333333333333,0.5
mint street,5,3,3,6,0.5,16.0,0.08,0.5
tryon street,21,3,3,6,0.5,11.166666666666666,0.05583333333333334,0.5
7th st,15,3,4,7,0.42857142857142855,13.142857142857142,0.061413884983136456,0.5714285714285714
9th street,15,3,4,7,0.42857142857142855,18.0,0.0452720622341194,0.5714285714285714
davidson st,22,3,4,7,0.42857142857142855,16.714285714285715,0.08357142857142856,0.5714285714285714
9th street,0,3,16,19,0.15789473684210525,6.947368421052632,0.5329544546333033,0.8421052631578947
25th street,10,2,0,2,1.0,4.0,0.02,0.0
36th street,6,2,0,2,1.0,7.5,0.037500000000000006,0.0
36th street,9,2,0,2,1.0,4.0,0.02,0.0
36th street,14,2,0,2,1.0,3.5,0.0175,0.0
36th street,18,2,0,2,1.0,3.5,0.0175,0.0
3rd street/convention center,17,2,0,2,1.0,8.5,0.05486389360216145,0.0
3rd street/convention center,22,2,0,2,1.0,1.5,0.13367166601799416,0.0
9th street,20,2,0,2,1.0,6.5,0.08728155815264904,0.0
arrowood,2,2,0,2,1.0,1.5,0.0075,0.0
arrowood,8,2,0,2,1.0,1.0,0.005,0.0
arrowood,9,2,0,2,1.0,1.0,0.005,0.0
arrowood,15,2,0,2,1.0,2.0,0.01,0.0
bland st,16,2,0,2,1.0,15.0,0.0277023305451453,0.0
bland st,20,2,0,2,1.0,8.0,0.014774576290744149,0.0
brooklyn village,5,2,0,2,1.0,4.0,0.1015158109119348,0.0
brooklyn village,6,2,0,2,1.0,3.0,0.02775644495707905,0.0
brooklyn village,12,2,0,2,1.0,14.5,0.029331921967659352,0.0
brooklyn village,18,2,0,2,1.0,8.0,0.0095099689163814,0.0
bruns avenue,10,2,0,2,1.0,4.5,0.0225,0.0
carson,18,2,0,2,1.0,15.5,0.0231343991938565,0.0
carson,22,2,0,2,1.0,4.5,0.04895766913990535,0.0
charlotte gateway station,12,2,0,2,1.0,5.5,0.0275,0.0
ctc/arena,16,2,0,2,1.0,14.5,0.0212643869333371,0.0
east/west,14,2,0,2,1.0,5.0,0.04937009449039355,0.0
east/west,18,2,0,2,1.0,4.0,0.0061433661663689,0.0
elizabeth and hawthorne,0,2,0,2,1.0,8.0,0.04,0.0
elizabeth and hawthorne,12,2,0,2,1.0,6.5,0.0325,0.0
french street,4,2,0,2,1.0,7.0,0.035,0.0
french street,6,2,0,2,1.0,7.5,0.0375,0.0
french street,8,2,0,2,1.0,3.0,0.015,0.0
french street,15,2,0,2,1.0,5.0,0.025,0.0
hawthorne and 5th,12,2,0,2,1.0,5.0,0.025,0.0
irwin avenue,8,2,0,2,1.0,4.0,0.02,0.0
irwin avenue,14,2,0,2,1.0,8.5,0.0425,0.0
irwin avenue,22,2,0,2,1.0,8.0,0.04,0.0
johnson & wales,6,2,0,2,1.0,5.5,0.027500000000000004,0.0
johnson c. smith university,12,2,0,2,1.0,4.0,0.02,0.0
johnson c. smith university,19,2,0,2,1.0,1.5,0.0075,0.0
jw clay blvd,1,2,0,2,1.0,4.5,0.0225,0.0
jw clay blvd,5,2,0,2,1.0,3.5,0.0175,0.0
jw clay blvd,9,2,0,2,1.0,4.5,0.0225,0.0
jw clay blvd,11,2,0,2,1.0,3.5,0.017499999999999998,0.0
jw clay blvd,13,2,0,2,1.0,1.5,0.0075,0.0
jw clay blvd,16,2,0,2,1.0,2.0,0.01,0.0
jw clay blvd,17,2,0,2,1.0,1.5,0.0075,0.0
jw clay blvd,19,2,0,2,1.0,1.0,0.005,0.0
jw clay blvd,21,2,0,2,1.0,4.5,0.022500000000000003,0.0
jw clay blvd,22,2,0,2,1.0,2.5,0.0125,0.0
jw clay blvd,23,2,0,2,1.0,3.0,0.015,0.0
mccullough,0,2,0,2,1.0,2.5,0.0125,0.0
mccullough,7,2,0,2,1.0,5.0,0.025,0.0
mccullough,9,2,0,2,1.0,9.0,0.045,0.0
mccullough,18,2,0,2,1.0,4.0,0.02,0.0
mccullough,21,2,0,2,1.0,2.0,0.01,0.0
mccullough,22,2,0,2,1.0,4.0,0.02,0.0
new bern,0,2,0,2,1.0,3.5,0.0175,0.0
new bern,11,2,0,2,1.0,3.5,0.0175,0.0
new bern,14,2,0,2,1.0,3.0,0.015,0.0
new bern,18,2,0,2,1.0,6.0,0.03,0.0
new bern,22,2,0,2,1.0,2.0,0.01,0.0
old concord rd,4,2,0,2,1.0,3.5,0.0175,0.0
old concord rd,6,2,0,2,1.0,4.5,0.0225,0.0
old concord rd,10,2,0,2,1.0,3.5,0.0175,0.0
old concord rd,12,2,0,2,1.0,3.0,0.015,0.0
old concord rd,14,2,0,2,1.0,4.0,0.02,0.0
old concord rd,20,2,0,2,1.0,5.0,0.025,0.0
old concord rd,21,2,0,2,1.0,5.5,0.0275,0.0
parkwood,14,2,0,2,1.0,5.0,0.025,0.0
parkwood,21,2,0,2,1.0,10.5,0.0525,0.0
sugar creek,12,2,0,2,1.0,3.5,0.0175,0.0
sugar creek,14,2,0,2,1.0,3.5,0.0175,0.0
sugar creek,15,2,0,2,1.0,4.0,0.02,0.0
sugar creek,21,2,0,2,1.0,3.0,0.015,0.0
sunnyside,20,2,0,2,1.0,7.5,0.037500000000000006,0.0
tom hunter,0,2,0,2,1.0,2.5,0.0125,0.0
tom hunter,2,2,0,2,1.0,7.5,0.037500000000000006,0.0
tom hunter,9,2,0,2,1.0,4.0,0.02,0.0
tom hunter,13,2,0,2,1.0,4.0,0.02,0.0
tom hunter,15,2,0,2,1.0,5.0,0.025,0.0
tom hunter,17,2,0,2,1.0,4.5,0.0225,0.0
tom hunter,18,2,0,2,1.0,15.5,0.0775,0.0
tom hunter,21,2,0,2,1.0,5.0,0.025,0.0
tyvola,1,2,0,2,1.0,4.5,0.0225,0.0
tyvola,13,2,0,2,1.0,3.0,0.015000000000000001,0.0
university city blvd,11,2,0,2,1.0,3.5,0.0175,0.0
university city blvd,12,2,0,2,1.0,3.0,0.015,0.0
university city blvd,17,2,0,2,1.0,3.5,0.0175,0.0
wesley heights way,4,2,0,2,1.0,3.5,0.0175,0.0
wesley heights way,9,2,0,2,1.0,4.5,0.0225,0.0
wesley heights way,14,2,0,2,1.0,12.0,0.06,0.0
wesley heights way,18,2,0,2,1.0,10.0,0.05,0.0
woodlawn,1,2,0,2,1.0,3.5,0.0175,0.0
woodlawn,19,2,0,2,1.0,2.0,0.01,0.0
bland st,13,2,1,3,0.6666666666666666,4.333333333333333,0.05998260718177,0.3333333333333333
ctc/arena,6,2,1,3,0.6666666666666666,3.0,0.21004131622949263,0.3333333333333333
davidson st,19,2,1,3,0.6666666666666666,8.0,0.04,0.3333333333333333
hawthorne and 8th,9,2,1,3,0.6666666666666666,4.333333333333333,0.021666666666666667,0.3333333333333333
9th street,17,2,2,4,0.5,7.25,0.08872270591929875,0.5
parkwood,11,2,2,4,0.5,6.25,0.03125,0.5
charlotte gateway station,7,2,3,5,0.4,8.0,0.04,0.6
mint street,18,2,5,7,0.2857142857142857,17.714285714285715,0.08857142857142856,0.7142857142857143
davidson st,2,2,6,8,0.25,12.75,0.06375,0.75
25th street,11,1,0,1,1.0,6.0,0.03,0.0
25th street,16,1,0,1,1.0,4.0,0.02,0.0
36th street,7,1,0,1,1.0,5.0,0.025,0.0
36th street,8,1,0,1,1.0,8.0,0.04,0.0
36th street,11,1,0,1,1.0,3.0,0.015,0.0
36th street,21,1,0,1,1.0,4.0,0.02,0.0
3rd street/convention center,18,1,0,1,1.0,5.0,0.0064416697476021,0.0
9th street,6,1,0,1,1.0,1.0,0.0767131411972179,0.0
arrowood,3,1,0,1,1.0,1.0,0.005,0.0
arrowood,7,1,0,1,1.0,1.0,0.005,0.0
arrowood,10,1,0,1,1.0,1.0,0.005,0.0
arrowood,11,1,0,1,1.0,2.0,0.01,0.0
arrowood,21,1,0,1,1.0,4.0,0.02,0.0
bland st,11,1,0,1,1.0,9.0,0.0166213983270872,0.0
brooklyn village,17,1,0,1,1.0,21.0,0.0249636684055012,0.0
brooklyn village,23,1,0,1,1.0,7.0,0.0083212228018337,0.0
bruns avenue,4,1,0,1,1.0,5.0,0.025,0.0
bruns avenue,5,1,0,1,1.0,6.0,0.03,0.0
bruns avenue,8,1,0,1,1.0,5.0,0.025,0.0
bruns avenue,17,1,0,1,1.0,3.0,0.015,0.0
davidson st,5,1,0,1,1.0,5.0,0.025,0.0
east/west,11,1,0,1,1.0,2.0,0.1698352302129139,0.0
east/west,16,1,0,1,1.0,3.0,0.0046075246247767,0.0
east/west,19,1,0,1,1.0,1.0,0.0849176151064569,0.0
east/west,23,1,0,1,1.0,1.0,0.0849176151064569,0.0
elizabeth and hawthorne,7,1,0,1,1.0,2.0,0.01,0.0
french street,10,1,0,1,1.0,7.0,0.035,0.0
french street,16,1,0,1,1.0,14.0,0.07,0.0
french street,20,1,0,1,1.0,3.0,0.015,0.0
hawthorne and 8th,5,1,0,1,1.0,9.0,0.045,0.0
johnson c. smith university,6,1,0,1,1.0,8.0,0.04,0.0
johnson c. smith university,9,1,0,1,1.0,5.0,0.025,0.0
jw clay blvd,2,1,0,1,1.0,2.0,0.01,0.0
jw clay blvd,6,1,0,1,1.0,5.0,0.025,0.0
jw clay blvd,8,1,0,1,1.0,5.0,0.025,0.0
jw clay blvd,12,1,0,1,1.0,1.0,0.005,0.0
jw clay blvd,20,1,0,1,1.0,2.0,0.01,0.0
mccullough,8,1,0,1,1.0,6.0,0.03,0.0
mccullough,12,1,0,1,1.0,5.0,0.025,0.0
mccullough,14,1,0,1,1.0,1.0,0.005,0.0
mccullough,16,1,0,1,1.0,3.0,0.015,0.0
mccullough,23,1,0,1,1.0,4.0,0.02,0.0
new bern,5,1,0,1,1.0,1.0,0.005,0.0
new bern,6,1,0,1,1.0,1.0,0.005,0.0
new bern,16,1,0,1,1.0,4.0,0.02,0.0
new bern,17,1,0,1,1.0,1.0,0.005,0.0
new bern,20,1,0,1,1.0,6.0,0.03,0.0
new bern,23,1,0,1,1.0,6.0,0.03,0.0
sugar creek,3,1,0,1,1.0,8.0,0.04,0.0
sugar creek,5,1,0,1,1.0,1.0,0.005,0.0
sugar creek,10,1,0,1,1.0,1.0,0.005,0.0
sugar creek,11,1,0,1,1.0,6.0,0.03,0.0
tom hunter,12,1,0,1,1.0,1.0,0.005,0.0
tryon street,7,1,0,1,1.0,2.0,0.01,0.0
tyvola,0,1,0,1,1.0,2.0,0.01,0.0
tyvola,2,1,0,1,1.0,1.0,0.005,0.0
tyvola,3,1,0,1,1.0,2.0,0.01,0.0
tyvola,4,1,0,1,1.0,4.0,0.02,0.0
tyvola,6,1,0,1,1.0,2.0,0.01,0.0
tyvola,8,1,0,1,1.0,2.0,0.01,0.0
tyvola,9,1,0,1,1.0,1.0,0.005,0.0
tyvola,12,1,0,1,1.0,1.0,0.005,0.0
tyvola,15,1,0,1,1.0,6.0,0.03,0.0
tyvola,16,1,0,1,1.0,1.0,0.005,0.0
tyvola,18,1,0,1,1.0,1.0,0.005,0.0
tyvola,20,1,0,1,1.0,8.0,0.04,0.0
tyvola,22,1,0,1,1.0,2.0,0.01,0.0
university city blvd,3,1,0,1,1.0,5.0,0.025,0.0
university city blvd,9,1,0,1,1.0,3.0,0.015,0.0
university city blvd,10,1,0,1,1.0,6.0,0.03,0.0
university city blvd,13,1,0,1,1.0,1.0,0.005,0.0
university city blvd,14,1,0,1,1.0,2.0,0.01,0.0
university city blvd,15,1,0,1,1.0,6.0,0.03,0.0
university city blvd,16,1,0,1,1.0,6.0,0.03,0.0
university city blvd,18,1,0,1,1.0,5.0,0.025,0.0
woodlawn,0,1,0,1,1.0,4.0,0.02,0.0
woodlawn,2,1,0,1,1.0,4.0,0.02,0.0
woodlawn,4,1,0,1,1.0,1.0,0.005,0.0
woodlawn,5,1,0,1,1.0,1.0,0.005,0.0
woodlawn,6,1,0,1,1.0,2.0,0.01,0.0
woodlawn,8,1,0,1,1.0,2.0,0.01,0.0
woodlawn,9,1,0,1,1.0,5.0,0.025,0.0
woodlawn,10,1,0,1,1.0,1.0,0.005,0.0
woodlawn,11,1,0,1,1.0,2.0,0.01,0.0
woodlawn,15,1,0,1,1.0,1.0,0.005,0.0
woodlawn,22,1,0,1,1.0,2.0,0.01,0.0
bland st,17,1,1,2,0.5,4.5,0.047295482931756255,0.5
bland st,18,1,1,2,0.5,9.0,0.055606182095299855,0.5
central piedmont community college,21,1,1,2,0.5,3.0,0.015,0.5
east/west,15,1,1,2,0.5,7.5,0.011518811561941799,0.5
hawthorne and 8th,7,1,1,2,0.5,3.5,0.0175,0.5
tryon street,6,1,1,2,0.5,3.0,0.015000000000000001,0.5
ctc/arena,5,1,2,3,0.3333333333333333,11.0,0.08467886651328173,0.6666666666666666
hawthorne and 8th,12,1,2,3,0.3333333333333333,15.666666666666666,0.07833333333333334,0.6666666666666666
hawthorne and 8th,23,1,2,3,0.3333333333333333,6.0,0.03,0.6666666666666666
mint street,19,1,5,6,0.16666666666666666,8.833333333333334,0.04416666666666667,0.8333333333333334
tryon street,5,1,6,7,0.14285714285714285,12.0,0.06,0.8571428571428571
central piedmont community college,10,1,15,16,0.0625,12.5625,0.06281250000000001,0.9375
central piedmont community college,23,0,4,4,0.0,4.75,0.02375,1.0
ctc/arena,19,0,2,2,0.0,1.0,0.0700137720764975,1.0
